model,parameter,mean,median,ci_2.5,ci_97.5,p_lt_0,p_gt_0
ASJP South only,beta_lat,0.3818471213485333,0.38192850939308964,0.36232505978591606,0.4012437605550126,0.0,1.0
