model,parameter,mean,median,ci_2.5,ci_97.5,p_lt_0,p_gt_0
ASJP BB North slope,beta_lat_north,-0.23033556688656198,-0.23011290551380867,-0.28097471185774126,-0.1798057624690587,1.0,0.0
ASJP BB South slope,beta_lat_south,0.5265472302707817,0.5259226050581991,0.4153865775104514,0.6415085076559297,0.0,1.0
ASJP BB South-minus-North,beta_lat_south_delta,0.7568827971573436,0.7564225872856489,0.6369131347809633,0.879132123760367,0.0,1.0
