model,parameter,mean,median,ci_2.5,ci_97.5,p_lt_0,p_gt_0
ASJP Beta-Binomial between-family,beta_between,-0.3480619918284372,-0.3480120309389172,-0.43102303096827865,-0.2657841455806143,1.0,0.0
ASJP Beta-Binomial within-family,beta_within,-0.03279393165373154,-0.03278258845353566,-0.05457243697922954,-0.011405803854397368,0.9987,0.0013
