model,parameter,mean,median,ci_2.5,ci_97.5,p_lt_0,p_gt_0
ASJP Beta-Binomial initial slope,beta_lat_initial,0.028499126132333588,0.028521654356702134,-0.005330811071385629,0.0628011292449853,0.0482,0.9518
ASJP Beta-Binomial final slope,beta_lat_final,-0.28470984251294057,-0.2849887722500779,-0.31627559730260935,-0.25206147209706753,1.0,0.0
ASJP Beta-Binomial final-minus-initial,beta_lat_final_delta,-0.31320896864527414,-0.31319108536408996,-0.34230473248502985,-0.28407952065787573,1.0,0.0
